<?xml version="1.0" encoding="UTF-8"?>
<datos>
    <item>
        <nombre>Juan Pérez</nombre>
        <periodo>2024-01</periodo>
    </item>
    <item>
        <nombre>María García</nombre>
        <periodo>2023-12</periodo>
    </item>
    <item>
        <nombre>Carlos Sánchez</nombre>
        <periodo>2023-11</periodo>
    </item>
    <item>
        <nombre>Laura Martínez</nombre>
        <periodo>2024-02</periodo>
    </item>
    <item>
        <nombre>Pedro López</nombre>
        <periodo>2023-10</periodo>
    </item>
</datos>
